ID,Category,Name,Method,MethodArgument,RegistryPath,RegistryItem,ClassName,Namespace,Property,DefaultValue,RecommendedValue,Operator,Severity
1000,Features,"SMBv1 Support",WindowsOptionalFeature,smb1protocol,,,,,,Disabled,Disabled,=,High
1103,"Account Policies","Store passwords using reversible encryption",secedit,"System Access\ClearTextPassword",,,,,,0,0,=,High
1100,"Account Policies","Account lockout threshold",accountpolicy,,,,,,,Never,10,<=,Low
1101,"Account Policies","Account lockout duration",accountpolicy,,,,,,,30,15,>=,Low
1102,"Account Policies","Reset account lockout counter",accountpolicy,,,,,,,30,15,>=,Low
1200,"User Rights Assignment","Access this computer from the network",accesschk,SeNetworkLogonRight,,,,,,"BUILTIN\Backup Operators;BUILTIN\Users;BUILTIN\Administrators;Everyone",BUILTIN\Administrators,=,Medium
1201,"User Rights Assignment","Allow log on locally",accesschk,SeInteractiveLogonRight,,,,,,"BUILTIN\Backup Operators;BUILTIN\Users;BUILTIN\Administrators;COMPUTERNAME\Guest",BUILTIN\Users;BUILTIN\Administrators,=,Medium
1202,"User Rights Assignment","Debug programs",accesschk,SeDebugPrivilege,,,,,,BUILTIN\Administrators,,=,Medium
1203,"User Rights Assignment","Deny access to this computer from the network",accesschk,SeDenyNetworkLogonRight,,,,,,COMPUTERNAME\Guest,"BUILTIN\Guests;NT AUTHORITY\Local account",=,Medium
1204,"User Rights Assignment","Deny log on as a batch job",accesschk,SeDenyBatchLogonRight,,,,,,,BUILTIN\Guests,=,Medium
1205,"User Rights Assignment","Deny log on as a service",accesschk,SeDenyServiceLogonRight,,,,,,,BUILTIN\Guests,=,Medium
1206,"User Rights Assignment","Deny log on through Remote Desktop Services",accesschk,SeDenyRemoteInteractiveLogonRight,,,,,,,"BUILTIN\Guests;NT AUTHORITY\Local account",=,Medium
1300,"Security Options","Accounts: Block Microsoft accounts",Registry,,HKLM:\SOFTWARE\Microsoft\Windows\CurrentVersion\Policies\System,NoConnectedUser,,,,0,3,=,Low
1301,"Security Options","Audit: Force audit policy subcategory settings to override audit policy category settings",Registry,,HKLM:\System\CurrentControlSet\Control\Lsa,SCENoApplyLegacyAuditPolicy,,,,1,1,=,Low
1302,"Security Options","Interactive logon: Do not require CTRL+ALT+DEL",Registry,,HKLM:\Software\Microsoft\Windows\CurrentVersion\Policies\System,DisableCAD,,,,1,0,=,Low
1303,"Security Options","Interactive logon: Don't display last signed-in",Registry,,HKLM:\Software\Microsoft\Windows\CurrentVersion\Policies\System,DontDisplayLastUserName,,,,0,1,=,Low
1304,"Security Options","Interactive logon: Don't display username at sign-in",Registry,,HKLM:\Software\Microsoft\Windows\CurrentVersion\Policies\System,DontDisplayUserName,,,,0,1,=,Low
1305,"Security Options","Microsoft network client: Digitally sign communications (always)",Registry,,HKLM:\System\CurrentControlSet\Services\LanmanWorkstation\Parameters,RequireSecuritySignature,,,,0,1,=,Medium
1306,"Security Options","Microsoft network client: Digitally sign communications (if server agrees)",Registry,,HKLM:\System\CurrentControlSet\Services\LanmanWorkstation\Parameters,EnableSecuritySignature,,,,1,1,=,Medium
1307,"Security Options","Microsoft network server: Digitally sign communications (always)",Registry,,HKLM:\System\CurrentControlSet\Services\LanManServer\Parameters,RequireSecuritySignature,,,,0,1,=,Medium
1308,"Security Options","Microsoft network server: Digitally sign communications (if client agrees)",Registry,,HKLM:\System\CurrentControlSet\Services\LanManServer\Parameters,EnableSecuritySignature,,,,0,1,=,Medium
1309,"Security Options","Network access: Do not allow anonymous enumeration of SAM accounts",Registry,,HKLM:\System\CurrentControlSet\Control\Lsa,RestrictAnonymousSAM,,,,1,1,=,Medium
1310,"Security Options","Network access: Do not allow anonymous enumeration of SAM accounts and shares",Registry,,HKLM:\System\CurrentControlSet\Control\Lsa,RestrictAnonymous,,,,0,1,=,Medium
1311,"Security Options","Network access: Do not allow storage of passwords and credentials for network authentication",Registry,,HKLM:\System\CurrentControlSet\Control\Lsa,DisableDomainCreds,,,,0,1,=,Medium
1324,"Security Options","Network access: Restrict anonymous access to Named Pipes and Shares",Registry,,HKLM:\System\CurrentControlSet\Services\LanManServer\Parameters,RestrictNullSessAccess,,,,1,1,=,Medium
1325,"Security Options","Network access: Restrict clients allowed to make remote calls to SAM",Registry,,HKLM:\System\CurrentControlSet\Control\Lsa,RestrictRemoteSAM,,,,,O:BAG:BAD:(A;;RC;;;BA),=,Medium
1312,"Security Options","Network security: Allow LocalSystem NULL session fallback",Registry,,HKLM:\System\CurrentControlSet\Control\Lsa\MSV1_0,allownullsessionfallback,,,,0,0,=,Medium
1326,"Security Options","Network security: Do not store LAN Manager hash value on next password change",Registry,,HKLM:\System\CurrentControlSet\Control\Lsa,NoLMHash,,,,1,1,=,High
1313,"Security Options","Network security: LAN Manager authentication level",Registry,,HKLM:\System\CurrentControlSet\Control\Lsa,LmCompatibilityLevel,,,,3,5,=,Medium
1314,"Security Options","Network security: LDAP client signing requirements",Registry,,HKLM:\System\CurrentControlSet\Services\LDAP,LDAPClientIntegrity,,,,1,1,>=,Medium
1315,"Security Options","Network security: Minimum session security for NTLM SSP based (including secure RPC) clients",Registry,,HKLM:\System\CurrentControlSet\Control\Lsa\MSV1_0,NTLMMinClientSec,,,,536870912,537395200,=,Medium
1316,"Security Options","Network security: Minimum session security for NTLM SSP based (including secure RPC) servers",Registry,,HKLM:\System\CurrentControlSet\Control\Lsa\MSV1_0,NTLMMinServerSec,,,,536870912,537395200,=,Medium
1317,"Security Options","Network security: Restrict NTLM: Audit Incoming NTLM Traffic",Registry,,HKLM:\System\CurrentControlSet\Control\Lsa\MSV1_0,AuditReceivingNTLMTraffic,,,,0,2,=,Medium
1318,"Security Options","Network security: Restrict NTLM: Audit NTLM authentication in this domain",Registry,,HKLM:\System\CurrentControlSet\Services\Netlogon\Parameters,AuditNTLMInDomain,,,,0,7,=,Medium
1319,"Security Options","Network security: Restrict NTLM: Outgoing NTLM traffic to remote servers",Registry,,HKLM:\System\CurrentControlSet\Control\Lsa\MSV1_0,RestrictSendingNTLMTraffic,,,,0,1,=,Medium
1320,"Security Options","Shutdown: Allow system to be shut down without having to log on",Registry,,HKLM:\Software\Microsoft\Windows\CurrentVersion\Policies\System,ShutdownWithoutLogon,,,,1,0,=,Medium
1321,"Security Options","User Account Control: Admin Approval Mode for the Built-in Administrator account",Registry,,HKLM:\SOFTWARE\Microsoft\Windows\CurrentVersion\Policies\System,FilterAdministratorToken,,,,0,1,=,Medium
1322,"Security Options","User Account Control: Behavior of the elevation prompt for administrators in Admin Approval Mode",Registry,,HKLM:\SOFTWARE\Microsoft\Windows\CurrentVersion\Policies\System,ConsentPromptBehaviorAdmin,,,,5,2,=,Medium
1323,"Security Options","User Account Control: Behavior of the elevation prompt for standard users",Registry,,HKLM:\SOFTWARE\Microsoft\Windows\CurrentVersion\Policies\System,ConsentPromptBehaviorUser,,,,0,1,=,Medium
1400,"Windows Firewall","EnableFirewall (Domain Profile, Policy)",Registry,,HKLM:\SOFTWARE\Policies\Microsoft\WindowsFirewall\DomainProfile,EnableFirewall,,,,0,1,=,Medium
1418,"Windows Firewall","EnableFirewall (Domain Profile)",Registry,,HKLM:\SYSTEM\CurrentControlSet\Services\SharedAccess\Parameters\FirewallPolicy\DomainProfile,EnableFirewall,,,,1,1,=,Medium
1401,"Windows Firewall","Inbound Connections (Domain Profile, Policy)",Registry,,HKLM:\SOFTWARE\Policies\Microsoft\WindowsFirewall\DomainProfile,DefaultInboundAction,,,,1,1,=,Medium
1419,"Windows Firewall","Inbound Connections (Domain Profile)",Registry,,HKLM:\SYSTEM\CurrentControlSet\Services\SharedAccess\Parameters\FirewallPolicy\DomainProfile,DefaultInboundAction,,,,1,1,=,Medium
1402,"Windows Firewall","Outbound Connections (Domain Profile, Policy)",Registry,,HKLM:\SOFTWARE\Policies\Microsoft\WindowsFirewall\DomainProfile,DefaultOutboundAction,,,,0,0,=,Medium
1420,"Windows Firewall","Outbound Connections (Domain Profile)",Registry,,HKLM:\SYSTEM\CurrentControlSet\Services\SharedAccess\Parameters\FirewallPolicy\DomainProfile,DefaultOutboundAction,,,,0,0,=,Medium
1403,"Windows Firewall","Log size limit (Domain Profile, Policy)",Registry,,HKLM:\SOFTWARE\Policies\Microsoft\WindowsFirewall\DomainProfile\Logging,LogFileSize,,,,4096,16384,>=,Medium
1421,"Windows Firewall","Log size limit (Domain Profile)",Registry,,HKLM:\SYSTEM\CurrentControlSet\Services\SharedAccess\Parameters\FirewallPolicy\DomainProfile\Logging,LogFileSize,,,,4096,16384,>=,Medium
1404,"Windows Firewall","Log dropped packets (Domain Profile, Policy)",Registry,,HKLM:\SOFTWARE\Policies\Microsoft\WindowsFirewall\DomainProfile\Logging,LogDroppedPackets,,,,0,1,=,Medium
1422,"Windows Firewall","Log dropped packets (Domain Profile)",Registry,,HKLM:\SYSTEM\CurrentControlSet\Services\SharedAccess\Parameters\FirewallPolicy\DomainProfile\Logging,LogDroppedPackets,,,,0,1,=,Medium
1405,"Windows Firewall","Log successful connections (Domain Profile, Policy)",Registry,,HKLM:\SOFTWARE\Policies\Microsoft\WindowsFirewall\DomainProfile\Logging,LogSuccessfulConnections,,,,0,1,=,Low
1423,"Windows Firewall","Log successful connections (Domain Profile)",Registry,,HKLM:\SYSTEM\CurrentControlSet\Services\SharedAccess\Parameters\FirewallPolicy\DomainProfile\Logging,LogSuccessfulConnections,,,,0,1,=,Low
1406,"Windows Firewall","EnableFirewall (Private Profile, Policy)",Registry,,HKLM:\SOFTWARE\Policies\Microsoft\WindowsFirewall\PrivateProfile,EnableFirewall,,,,0,1,=,Medium
1424,"Windows Firewall","EnableFirewall (Private Profile)",Registry,,HKLM:\SYSTEM\CurrentControlSet\Services\SharedAccess\Parameters\FirewallPolicy\StandardProfile,EnableFirewall,,,,1,1,=,Medium
1407,"Windows Firewall","Inbound Connections (Private Profile, Policy)",Registry,,HKLM:\SOFTWARE\Policies\Microsoft\WindowsFirewall\PrivateProfile,DefaultInboundAction,,,,1,1,=,Medium
1425,"Windows Firewall","Inbound Connections (Private Profile)",Registry,,HKLM:\SYSTEM\CurrentControlSet\Services\SharedAccess\Parameters\FirewallPolicy\StandardProfile,DefaultInboundAction,,,,1,1,=,Medium
1408,"Windows Firewall","Outbound Connections (Private Profile, Policy)",Registry,,HKLM:\SOFTWARE\Policies\Microsoft\WindowsFirewall\PrivateProfile,DefaultOutboundAction,,,,0,0,=,Medium
1426,"Windows Firewall","Outbound Connections (Private Profile)",Registry,,HKLM:\SYSTEM\CurrentControlSet\Services\SharedAccess\Parameters\FirewallPolicy\StandardProfile,DefaultOutboundAction,,,,0,0,=,Medium
1409,"Windows Firewall","Log size limit (Private Profile, Policy)",Registry,,HKLM:\SOFTWARE\Policies\Microsoft\WindowsFirewall\PrivateProfile\Logging,LogFileSize,,,,4096,16384,>=,Medium
1427,"Windows Firewall","Log size limit (Private Profile)",Registry,,HKLM:\SYSTEM\CurrentControlSet\Services\SharedAccess\Parameters\FirewallPolicy\StandardProfile\Logging,LogFileSize,,,,4096,16384,>=,Medium
1410,"Windows Firewall","Log dropped packets (Private Profile, Policy)",Registry,,HKLM:\SOFTWARE\Policies\Microsoft\WindowsFirewall\PrivateProfile\Logging,LogDroppedPackets,,,,0,1,=,Medium
1428,"Windows Firewall","Log dropped packets (Private Profile)",Registry,,HKLM:\SYSTEM\CurrentControlSet\Services\SharedAccess\Parameters\FirewallPolicy\StandardProfile\Logging,LogDroppedPackets,,,,0,1,=,Medium
1411,"Windows Firewall","Log successful connections (Private Profile, Policy)",Registry,,HKLM:\SOFTWARE\Policies\Microsoft\WindowsFirewall\PrivateProfile\Logging,LogSuccessfulConnections,,,,0,1,=,Low
1429,"Windows Firewall","Log successful connections (Private Profile)",Registry,,HKLM:\SYSTEM\CurrentControlSet\Services\SharedAccess\Parameters\FirewallPolicy\StandardProfile\Logging,LogSuccessfulConnections,,,,0,1,=,Low
1412,"Windows Firewall","EnableFirewall (Public Profile, Policy)",Registry,,HKLM:\SOFTWARE\Policies\Microsoft\WindowsFirewall\PublicProfile,EnableFirewall,,,,0,1,=,Medium
1430,"Windows Firewall","EnableFirewall (Public Profile)",Registry,,HKLM:\SYSTEM\CurrentControlSet\Services\SharedAccess\Parameters\FirewallPolicy\PublicProfile,EnableFirewall,,,,1,1,=,Medium
1413,"Windows Firewall","Inbound Connections (Public Profile, Policy)",Registry,,HKLM:\SOFTWARE\Policies\Microsoft\WindowsFirewall\PublicProfile,DefaultInboundAction,,,,1,1,=,Medium
1431,"Windows Firewall","Inbound Connections (Public Profile)",Registry,,HKLM:\SYSTEM\CurrentControlSet\Services\SharedAccess\Parameters\FirewallPolicy\PublicProfile,DefaultInboundAction,,,,1,1,=,Medium
1414,"Windows Firewall","Outbound Connections (Public Profile, Policy)",Registry,,HKLM:\SOFTWARE\Policies\Microsoft\WindowsFirewall\PublicProfile,DefaultOutboundAction,,,,0,0,=,Medium
1432,"Windows Firewall","Outbound Connections (Public Profile)",Registry,,HKLM:\SYSTEM\CurrentControlSet\Services\SharedAccess\Parameters\FirewallPolicy\PublicProfile,DefaultOutboundAction,,,,0,0,=,Medium
1415,"Windows Firewall","Log size limit (Public Profile, Policy)",Registry,,HKLM:\SOFTWARE\Policies\Microsoft\WindowsFirewall\PublicProfile\Logging,LogFileSize,,,,4096,16384,>=,Medium
1433,"Windows Firewall","Log size limit (Public Profile)",Registry,,HKLM:\SYSTEM\CurrentControlSet\Services\SharedAccess\Parameters\FirewallPolicy\PublicProfile\Logging,LogFileSize,,,,4096,16384,>=,Medium
1416,"Windows Firewall","Log dropped packets (Public Profile, Policy)",Registry,,HKLM:\SOFTWARE\Policies\Microsoft\WindowsFirewall\PublicProfile\Logging,LogDroppedPackets,,,,0,1,=,Medium
1434,"Windows Firewall","Log dropped packets (Public Profile)",Registry,,HKLM:\SYSTEM\CurrentControlSet\Services\SharedAccess\Parameters\FirewallPolicy\PublicProfile\Logging,LogDroppedPackets,,,,0,1,=,Medium
1417,"Windows Firewall","Log successful connections (Public Profile, Policy)",Registry,,HKLM:\SOFTWARE\Policies\Microsoft\WindowsFirewall\PublicProfile\Logging,LogSuccessfulConnections,,,,0,1,=,Low
1435,"Windows Firewall","Log successful connections (Public Profile)",Registry,,HKLM:\SYSTEM\CurrentControlSet\Services\SharedAccess\Parameters\FirewallPolicy\PublicProfile\Logging,LogSuccessfulConnections,,,,0,1,=,Low
1500,"Advanced Audit Policy Configuration","Credential Validation",auditpol,{0CCE923F-69AE-11D9-BED3-505054503030},,,,,,"No Auditing","Success and Failure",=,Low
1501,"Advanced Audit Policy Configuration","Security Group Management",auditpol,{0CCE9237-69AE-11D9-BED3-505054503030},,,,,,Success,Success,contains,Low
1502,"Advanced Audit Policy Configuration","User Account Management",auditpol,{0CCE9235-69AE-11D9-BED3-505054503030},,,,,,Success,"Success and Failure",=,Low
1503,"Advanced Audit Policy Configuration","DPAPI Activity",auditpol,{0CCE922D-69AE-11D9-BED3-505054503030},,,,,,"No Auditing","Success and Failure",=,Low
1504,"Advanced Audit Policy Configuration","Plug and Play Events",auditpol,{0cce9248-69ae-11d9-bed3-505054503030},,,,,,"No Auditing",Success,contains,Low
1505,"Advanced Audit Policy Configuration","Process Creation",auditpol,{0CCE922B-69AE-11D9-BED3-505054503030},,,,,,"No Auditing",Success,contains,Low
1506,"Advanced Audit Policy Configuration","Account Lockout",auditpol,{0CCE9217-69AE-11D9-BED3-505054503030},,,,,,Success,Failure,contains,Low
1507,"Advanced Audit Policy Configuration","Group Membership",auditpol,{0cce9249-69ae-11d9-bed3-505054503030},,,,,,"No Auditing",Success,contains,Low
1508,"Advanced Audit Policy Configuration",Logon,auditpol,{0CCE9215-69AE-11D9-BED3-505054503030},,,,,,"Success and Failure","Success and Failure",=,Low
1509,"Advanced Audit Policy Configuration","Other Logon/Logoff Events",auditpol,{0CCE921C-69AE-11D9-BED3-505054503030},,,,,,"No Auditing","Success and Failure",=,Low
1510,"Advanced Audit Policy Configuration","Special Logon",auditpol,{0CCE921B-69AE-11D9-BED3-505054503030},,,,,,Success,Success,contains,Low
1511,"Advanced Audit Policy Configuration","Detailed File Share",auditpol,{0CCE9244-69AE-11D9-BED3-505054503030},,,,,,"No Auditing",Failure,contains,Low
1512,"Advanced Audit Policy Configuration","File Share",auditpol,{0CCE9224-69AE-11D9-BED3-505054503030},,,,,,"No Auditing","Success and Failure",=,Low
1513,"Advanced Audit Policy Configuration","Kernel Object",auditpol,{0CCE921F-69AE-11D9-BED3-505054503030},,,,,,"No Auditing","Success and Failure",=,Low
1514,"Advanced Audit Policy Configuration","Other Object Access Events",auditpol,{0CCE9227-69AE-11D9-BED3-505054503030},,,,,,"No Auditing","Success and Failure",=,Low
1515,"Advanced Audit Policy Configuration","Removable Storage",auditpol,{0CCE9245-69AE-11D9-BED3-505054503030},,,,,,"No Auditing","Success and Failure",=,Low
1516,"Advanced Audit Policy Configuration",SAM,auditpol,{0CCE9220-69AE-11D9-BED3-505054503030},,,,,,"No Auditing","Success and Failure",=,Low
1517,"Advanced Audit Policy Configuration","Audit Policy Change",auditpol,{0CCE922F-69AE-11D9-BED3-505054503030},,,,,,Success,Success,contains,Low
1518,"Advanced Audit Policy Configuration","Authentication Policy Change",auditpol,{0CCE9230-69AE-11D9-BED3-505054503030},,,,,,Success,Success,contains,Low
1519,"Advanced Audit Policy Configuration","MPSSVC Rule-Level Policy Change",auditpol,{0CCE9232-69AE-11D9-BED3-505054503030},,,,,,"No Auditing","Success and Failure",=,Low
1520,"Advanced Audit Policy Configuration","Other Policy Change Events",auditpol,{0CCE9234-69AE-11D9-BED3-505054503030},,,,,,"No Auditing",Failure,contains,Low
1521,"Advanced Audit Policy Configuration","Sensitive Privilege Use",auditpol,{0CCE9228-69AE-11D9-BED3-505054503030},,,,,,"No Auditing","Success and Failure",=,Low
1522,"Advanced Audit Policy Configuration","Other System Events",auditpol,{0CCE9214-69AE-11D9-BED3-505054503030},,,,,,"Success and Failure","Success and Failure",=,Low
1523,"Advanced Audit Policy Configuration","Security State Change",auditpol,{0CCE9210-69AE-11D9-BED3-505054503030},,,,,,Success,Success,contains,Low
1524,"Advanced Audit Policy Configuration","Security System Extension",auditpol,{0CCE9211-69AE-11D9-BED3-505054503030},,,,,,"No Auditing",Success,contains,Low
1525,"Advanced Audit Policy Configuration","System Integrity",auditpol,{0CCE9212-69AE-11D9-BED3-505054503030},,,,,,"Success and Failure","Success and Failure",=,Low
1600,"Administrative Templates: Control Panel","Personalization: Prevent enabling lock screen camera",Registry,,HKLM:\Software\Policies\Microsoft\Windows\Personalization,NoLockScreenCamera,,,,0,1,=,Low
1601,"Administrative Templates: Network","DNS Client: Turn off multicast name resolution (LLMNR)",Registry,,"HKLM:\Software\Policies\Microsoft\Windows NT\DNSClient",EnableMulticast,,,,1,0,=,Medium
1602,"Administrative Templates: Network","Lanman Workstation: Enable insecure guest logons",Registry,,HKLM:\Software\Policies\Microsoft\Windows\LanmanWorkstation,AllowInsecureGuestAuth,,,,1,0,=,Medium
1603,"Administrative Templates: Network","Turn off Microsoft Peer-to-Peer Networking Services",Registry,,HKLM:\Software\policies\Microsoft\Peernet,Disabled,,,,0,1,=,Medium
1604,"Administrative Templates: Network","WLAN Settings: Allow Windows to automatically connect to suggested open hotspots, to networks shared by contacts, and to hotspots offering paid services",Registry,,HKLM:\Software\Microsoft\wcmsvc\wifinetworkmanager\config,AutoConnectAllowedOEM,,,,1,0,=,Medium
1768,"Administrative Templates: Printer","Only use Package Point and Print (CVE-2021-36958)",Registry,,"HKLM:\SOFTWARE\Policies\Microsoft\Windows NT\Printers\PackagePointAndPrint",PackagePointAndPrintOnly,,,,,1,=,Medium
1769,"Administrative Templates: Printer","Package Point and Print - Approved servers (CVE-2021-36958)",Registry,,"HKLM:\SOFTWARE\Policies\Microsoft\Windows NT\Printers\PackagePointAndPrint",PackagePointAndPrintServerList,,,,,1,=,Medium
1764,"Administrative Templates: Printer","Point and Print Restrictions: When installing drivers for a new connection (CVE-2021-34527)",Registry,,"HKLM:\SOFTWARE\Policies\Microsoft\Windows NT\Printers\PointAndPrint",NoWarningNoElevationOnInstall,,,,0,0,=,High
1765,"Administrative Templates: Printer","Point and Print Restrictions: When updating drivers for an existing connection (CVE-2021-34527)",Registry,,"HKLM:\SOFTWARE\Policies\Microsoft\Windows NT\Printers\PointAndPrint",UpdatePromptSettings,,,,0,0,=,High
1766,"Administrative Templates: Printer","Point and Print Restrictions: Only administrators can install printer drivers on a print server (CVE-2021-34527)",Registry,,"HKLM:\SOFTWARE\Policies\Microsoft\Windows NT\Printers\PointAndPrint",RestrictDriverInstallationToAdministrators,,,,0,1,=,Medium
1771,"Administrative Templates: Start Menu and Taskbar","Notifications: Turn off notifications network usage",Registry,,HKLM:\SOFTWARE\Policies\Microsoft\Windows\CurrentVersion\PushNotifications,NoCloudApplicationNotification,,,,0,1,=,Medium
1605,"Administrative Templates: System","Credentials Delegation: Allow delegation default credentials",Registry,,HKLM:\Software\Policies\Microsoft\Windows\CredentialsDelegation,AllowDefaultCredentials,,,,1,0,=,Medium
1606,"Administrative Templates: System","Credentials Delegation: Encryption Oracle Remediation",Registry,,HKLM:\SOFTWARE\Microsoft\Windows\CurrentVersion\Policies\System\CredSSP\Parameters,AllowEncryptionOracle,,,,0,0,=,Medium
1607,"Administrative Templates: System","Device Installation: Device Installation Restrictions: Prevent installation of devices that match an ID",Registry,,HKLM:\Software\Policies\Microsoft\Windows\DeviceInstall\Restrictions,DenyDeviceIDs,,,,0,1,=,Medium
1608,"Administrative Templates: System","Device Installation: Device Installation Restrictions: Prevent installation of devices that match an ID (Retroactive)",Registry,,HKLM:\Software\Policies\Microsoft\Windows\DeviceInstall\Restrictions,DenyDeviceIDsRetroactive,,,,0,1,=,Medium
1609,"Administrative Templates: System","Device Installation: Device Installation Restrictions: Prevent installation of devices that match ID PCI\CC_0C0010 (Firewire)",RegistryList,,HKLM:\SOFTWARE\Policies\Microsoft\Windows\DeviceInstall\Restrictions\DenyDeviceIDs,PCI\CC_0C0010,,,,0,PCI\CC_0C0010,=,Medium
1610,"Administrative Templates: System","Device Installation: Device Installation Restrictions: Prevent installation of devices that match ID PCI\CC_0C0A (Thunderbolt)",RegistryList,,HKLM:\SOFTWARE\Policies\Microsoft\Windows\DeviceInstall\Restrictions\DenyDeviceIDs,PCI\CC_0C0A,,,,0,PCI\CC_0C0A,=,Medium
1611,"Administrative Templates: System","Device Installation: Device Installation Restrictions: Prevent installation of devices using drivers that match an device setup class",Registry,,HKLM:\Software\Policies\Microsoft\Windows\DeviceInstall\Restrictions,DenyDeviceClasses,,,,0,1,=,Medium
1612,"Administrative Templates: System","Device Installation: Device Installation Restrictions: Prevent installation of devices using drivers that match an device setup class (Retroactive)",Registry,,HKLM:\Software\Policies\Microsoft\Windows\DeviceInstall\Restrictions,DenyDeviceClassesRetroactive,,,,0,1,=,Medium
1613,"Administrative Templates: System","Device Installation: Device Installation Restrictions: Prevent installation of devices using drivers that match d48179be-ec20-11d1-b6b8-00c04fa372a7 (SBP-2 drive)",RegistryList,,HKLM:\SOFTWARE\Policies\Microsoft\Windows\DeviceInstall\Restrictions\DenyDeviceClasses,d48179be-ec20-11d1-b6b8-00c04fa372a7,,,,0,d48179be-ec20-11d1-b6b8-00c04fa372a7,=,Medium
1614,"Administrative Templates: System","Device Guard: Virtualization Based Security Status",CimInstance,,,,Win32_DeviceGuard,root\Microsoft\Windows\DeviceGuard,VirtualizationBasedSecurityStatus,"Not available",2,=,Medium
1615,"Administrative Templates: System","Device Guard: Available Security Properties: Secure Boot",CimInstance,,,,Win32_DeviceGuard,root\Microsoft\Windows\DeviceGuard,AvailableSecurityProperties,2,2,=,Medium
1616,"Administrative Templates: System","Device Guard: Available Security Properties: DMA protection",CimInstance,,,,Win32_DeviceGuard,root\Microsoft\Windows\DeviceGuard,AvailableSecurityProperties,3,3,=,Medium
1617,"Administrative Templates: System","Device Guard: Security Services Configured: Credential Guard",CimInstance,,,,Win32_DeviceGuard,root\Microsoft\Windows\DeviceGuard,SecurityServicesConfigured,"Not available",1,=,Medium
1619,"Administrative Templates: System","Device Guard: Security Services Running: Credential Guard",CimInstance,,,,Win32_DeviceGuard,root\Microsoft\Windows\DeviceGuard,SecurityServicesRunning,"Not available",1,=,Medium
1618,"Administrative Templates: System","Device Guard: Security Services Configured: HVCI",CimInstance,,,,Win32_DeviceGuard,root\Microsoft\Windows\DeviceGuard,SecurityServicesConfigured,"Not available",2,=,Medium
1620,"Administrative Templates: System","Device Guard: Security Services Running: HVCI",CimInstance,,,,Win32_DeviceGuard,root\Microsoft\Windows\DeviceGuard,SecurityServicesRunning,"Not available",2,=,Medium
1623,"Administrative Templates: System","Device Guard: Require UEFI Memory Attributes Table (Policy)",Registry,,HKLM:\SOFTWARE\Policies\Microsoft\Windows\DeviceGuard,HVCIMATRequired,,,,,1,=,Medium
1621,"Administrative Templates: System","Device Guard: Secure Launch Configuration (Policy)",Registry,,HKLM:\SOFTWARE\Policies\Microsoft\Windows\DeviceGuard,ConfigureSystemGuardLaunch,,,,0,1,=,Medium
1622,"Administrative Templates: System","Device Guard: Windows Defender Application Control deployed (Policy)",Registry,,HKLM:\SOFTWARE\Policies\Microsoft\Windows\DeviceGuard,DeployConfigCIPolicy,,,,0,1,=,Medium
1630,"Administrative Templates: System","Early Launch Antimalware: Boot-Start Driver Initialization Policy",Registry,,HKLM:\System\CurrentControlSet\Policies\EarlyLaunch,DriverLoadPolicy,,,,0,3,=,Medium
1631,"Administrative Templates: System","Group Policy: Process even if the Group Policy objects have not changed",Registry,,"HKLM:\Software\Policies\Microsoft\Windows\Group Policy\{35378EAC-683F-11D2-A89A-00C04FBBCFA2}",NoBackgroundPolicy,,,,1,0,=,Low
1632,"Administrative Templates: System","Group Policy: Do not apply during periodic background processing",Registry,,"HKLM:\Software\Policies\Microsoft\Windows\Group Policy\{35378EAC-683F-11D2-A89A-00C04FBBCFA2}",NoGPOListChanges,,,,0,0,=,Low
1640,"Administrative Templates: System","Internet Communication Management: Internet Communication settings: Turn off the Windows Messenger Customer Experience Improvement Program",Registry,,HKLM:\Software\Policies\Microsoft\Messenger\Client,CEIP,,,,0,2,=,Medium
1641,"Administrative Templates: System","Internet Communication Management: Internet Communication settings: Turn off downloading of print drivers over HTTP",Registry,,"HKLM:\Software\Policies\Microsoft\Windows NT\Printers",DisableWebPnPDownload,,,,0,1,=,Medium
1642,"Administrative Templates: System","Internet Communication Management: Internet Communication settings: Turn off Windows Error Reporting 1",Registry,,HKLM:\Software\Policies\Microsoft\PCHealth\ErrorReporting,DoReport,,,,1,0,=,Medium
1643,"Administrative Templates: System","Internet Communication Management: Internet Communication settings: Turn off Windows Error Reporting 2",Registry,,"HKLM:\Software\Policies\Microsoft\Windows\Windows Error Reporting",Disabled,,,,0,1,=,Medium
1644,"Administrative Templates: System","Internet Communication Management: Internet Communication settings: Turn off Internet download for Web publishing and online ordering wizards",Registry,,HKLM:\Software\Microsoft\Windows\CurrentVersion\Policies\Explorer,NoWebServices,,,,0,1,=,Medium
1645,"Administrative Templates: System","Internet Communication Management: Internet Communication settings: Turn off Windows Customer Experience Improvement Program",Registry,,HKLM:\Software\Policies\Microsoft\SQMClient\Windows,CEIPEnable,,,,1,0,=,Medium
1650,"Administrative Templates: System","Kernel DMA Protection: Enumeration policy for external devices incompatible with Kernel DMA Protection",Registry,,"HKLM:\SOFTWARE\Policies\Microsoft\Windows\Kernel DMA Protection",DeviceEnumerationPolicy,,,,2,0,=,Medium
1660,"Administrative Templates: System","Logon: Turn on convenience PIN sign-in",Registry,,HKLM:\Software\Policies\Microsoft\Windows\System,AllowDomainPINLogon,,,,1,0,=,Medium
1661,"Administrative Templates: System","Logon: Turn off app notifications on the lock screen",Registry,,HKLM:\Software\Policies\Microsoft\Windows\System,DisableLockScreenAppNotifications,,,,0,1,=,Medium
1662,"Administrative Templates: System","Logon: Do not display network selection UI",Registry,,HKLM:\Software\Policies\Microsoft\Windows\System,DontDisplayNetworkSelectionUI,,,,0,1,=,Medium
1670,"Administrative Templates: System","Mitigation Options: Untrusted Font Blocking",Registry,,"HKLM:\SOFTWARE\Policies\Microsoft\Windows NT\MitigationOptions",MitigationOptions_FontBocking,,,,0,1000000000000,=,Medium
1680,"Administrative Templates: System","OS Policies: Allow Clipboard synchronization across devices",Registry,,HKLM:\SOFTWARE\Policies\Microsoft\Windows\System,AllowCrossDeviceClipboard,,,,1,0,=,Medium
1685,"Administrative Templates: System","Sleep Settings: Require a password when a computer wakes (plugged in)",Registry,,HKLM:\Software\Policies\Microsoft\Power\PowerSettings\0e796bdb-100d-47d6-a2d5-f7d2daa51f51,ACSettingIndex,,,,0,1,=,Medium
1686,"Administrative Templates: System","Sleep Settings: Require a password when a computer wakes (on battery)",Registry,,HKLM:\Software\Policies\Microsoft\Power\PowerSettings\0e796bdb-100d-47d6-a2d5-f7d2daa51f51,DCSettingIndex,,,,0,1,=,Medium
1687,"Administrative Templates: System","Sleep Settings: Allow standby states (S1-S3) when sleeping (plugged in)",Registry,,HKLM:\Software\Policies\Microsoft\Power\PowerSettings\abfc2519-3608-4c2a-94ea-171b0ed546ab,ACSettingIndex,,,,1,0,=,Medium
1688,"Administrative Templates: System","Sleep Settings: Allow standby states (S1-S3) when sleeping (on battery)",Registry,,HKLM:\Software\Policies\Microsoft\Power\PowerSettings\abfc2519-3608-4c2a-94ea-171b0ed546ab,DCSettingIndex,,,,1,0,=,Medium
1690,"Administrative Templates: System","Remote Assistance: Configure Offer Remote Assistance",Registry,,"HKLM:\Software\policies\Microsoft\Windows NT\Terminal Services",fAllowUnsolicited,,,,1,0,=,Medium
1691,"Administrative Templates: System","Remote Assistance: Configure Solicited Remote Assistance",Registry,,"HKLM:\Software\policies\Microsoft\Windows NT\Terminal Services",fAllowToGetHelp,,,,1,0,=,Medium
1692,"Administrative Templates: System","Remote Procedure Call: Enable RPC Endpoint Mapper Client Authentication",Registry,,"HKLM:\Software\Policies\Microsoft\Windows NT\Rpc",EnableAuthEpResolution,,,,0,1,=,Medium
1693,"Administrative Templates: System","Remote Procedure Call: Restrict Unauthenticated RPC clients",Registry,,"HKLM:\Software\Policies\Microsoft\Windows NT\Rpc",RestrictRemoteClients,,,,0,2,=,Medium
1694,"Administrative Templates: System","Security Settings: Enable svchost.exe mitigation options",Registry,,HKLM:\SYSTEM\CurrentControlSet\Control\SCMConfig,EnableSvchostMitigationPolicy,,,,0,1,=,Medium
1695,"Administrative Templates: System","Windows Performance PerfTrack: Enable/Disable PerfTrack",Registry,,HKLM:\SOFTWARE\Policies\Microsoft\Windows\WDI\{9c5a40da-b965-4fc3-8781-88dd50a6299d},ScenarioExecutionEnabled,,,,1,0,=,Medium
1696,"Administrative Templates: System","User Profiles: Turn off the advertising ID",Registry,,HKLM:\SOFTWARE\Policies\Microsoft\Windows\AdvertisingInfo,DisabledByGroupPolicy,,,,0,1,=,Medium
1697,"Administrative Templates: System","Time Providers: Enable Windows NTP Client",Registry,,HKLM:\Software\Policies\Microsoft\W32time\TimeProviders\NtpClient,Enabled,,,,0,1,=,Medium
1698,"Administrative Templates: System","Time Providers: Enable Windows NTP Server",Registry,,HKLM:\Software\Policies\Microsoft\W32time\TimeProviders\NtpServer,Enabled,,,,0,0,=,Medium
1700,"Administrative Templates: Windows Components","App Package Deployment: Allow a Windows app to share application data between users",Registry,,HKLM:\Software\Policies\Microsoft\Windows\CurrentVersion\AppModel\StateManager,AllowSharedLocalAppData,,,,1,0,=,Medium
1701,"Administrative Templates: Windows Components","App Privacy: Let Windows apps activate with voice while the system is locked",Registry,,HKLM:\SOFTWARE\Policies\Microsoft\Windows\AppPrivacy,LetAppsActivateWithVoiceAboveLock,,,,0,2,=,Medium
1702,"Administrative Templates: Windows Components","App runtime: Block launching Universal Windows apps with Windows Runtime API access from hosted content",Registry,,HKLM:\SOFTWARE\Microsoft\Windows\CurrentVersion\Policies\System,BlockHostedAppAccessWinRT,,,,0,1,=,Medium
1703,"Administrative Templates: Windows Components","Application Compatibility: Turn off Application Telemetry",Registry,,HKLM:\Software\Policies\Microsoft\Windows\AppCompat,AITEnable,,,,1,0,=,Medium
1704,"Administrative Templates: Windows Components","AutoPlay Policies: Turn off Autoplay",Registry,,HKLM:\Software\Microsoft\Windows\CurrentVersion\Policies\Explorer,NoDriveTypeAutoRun,,,,0,255,=,Medium
1705,"Administrative Templates: Windows Components","AutoPlay Policies: Disallow Autoplay for non-volume devices",Registry,,HKLM:\Software\Policies\Microsoft\Windows\Explorer,NoAutoplayfornonVolume,,,,0,1,=,Medium
1706,"Administrative Templates: Windows Components","AutoPlay Policies: Set the default behavior for AutoRun",Registry,,HKLM:\Software\Microsoft\Windows\CurrentVersion\Policies\Explorer,NoAutorun,,,,0,1,=,Medium
1707,"Administrative Templates: Windows Components","Biometrics: Allow the use of biometrics",Registry,,HKLM:\SOFTWARE\Policies\Microsoft\Biometrics,Enabled,,,,1,0,=,Medium
1708,"Administrative Templates: Windows Components","BitLocker Drive Encryption: Volume status",BitLockerVolume,VolumeStatus,,,,,,FullyDecrypted,FullyEncrypted,=,High
1761,"Administrative Templates: Windows Components","BitLocker Drive Encryption: Choose drive encryption method and cipher strength (for operating system drives)",Registry,,HKLM:\Software\Policies\Microsoft\FVE,EncryptionMethodWithXtsOs,,,,6,6,=,Medium
1762,"Administrative Templates: Windows Components","BitLocker Drive Encryption: Drive encryption method (for operating system drives)",BitLockerVolume,EncryptionMethod,,,,,,None,XtsAes128,=,Medium
1709,"Administrative Templates: Windows Components","BitLocker Drive Encryption: Disable new DMA devices when this computer is locked",Registry,,HKLM:\Software\Policies\Microsoft\FVE,DisableExternalDMAUnderLock,,,,0,1,=,Medium
1710,"Administrative Templates: Windows Components","BitLocker Drive Encryption: Operating System Drives: Allow Secure Boot for integrity validation",Registry,,HKLM:\Software\Policies\Microsoft\FVE,OSAllowSecureBootForIntegrity,,,,0,1,=,Medium
1711,"Administrative Templates: Windows Components","BitLocker Drive Encryption: Operating System Drives: Require additional authentication at startup",Registry,,HKLM:\Software\Policies\Microsoft\FVE,UseAdvancedStartup,,,,0,1,=,Medium
1715,"Administrative Templates: Windows Components","BitLocker Drive Encryption: Operating System Drives: Require additional authentication at startup: Allow BitLocker without a compatible TPM",Registry,,HKLM:\Software\Policies\Microsoft\FVE,EnableBDEWithNoTPM,,,,1,0,=,Medium
1716,"Administrative Templates: Windows Components","BitLocker Drive Encryption: Operating System Drives: Require additional authentication at startup: Configure TPM startup",Registry,,HKLM:\Software\Policies\Microsoft\FVE,UseTPM,,,,0,0,=,Medium
1717,"Administrative Templates: Windows Components","BitLocker Drive Encryption: Operating System Drives: Require additional authentication at startup: Configure TPM startup PIN",Registry,,HKLM:\Software\Policies\Microsoft\FVE,UseTPMPIN,,,,0,1,=,Medium
1718,"Administrative Templates: Windows Components","BitLocker Drive Encryption: Operating System Drives: Require additional authentication at startup: Configure TPM startup key",Registry,,HKLM:\Software\Policies\Microsoft\FVE,UseTPMKey,,,,0,0,=,Medium
1719,"Administrative Templates: Windows Components","BitLocker Drive Encryption: Operating System Drives: Require additional authentication at startup: Configure TPM startup key and PIN",Registry,,HKLM:\Software\Policies\Microsoft\FVE,UseTPMKeyPIN,,,,0,0,=,Medium
1712,"Administrative Templates: Windows Components","BitLocker Drive Encryption: Operating System Drives: Allow enhanced PINs for startup",Registry,,HKLM:\Software\Policies\Microsoft\FVE,UseEnhancedPin,,,,0,1,=,Medium
1713,"Administrative Templates: Windows Components","BitLocker Drive Encryption: Operating System Drives: Configure use of hardware-based encryption for operating system drives",Registry,,HKLM:\Software\Policies\Microsoft\FVE,OSHardwareEncryption,,,,0,0,=,Medium
1763,"Administrative Templates: Windows Components","BitLocker Drive Encryption: Operating System Drives: Configure minimum PIN length for startup",Registry,,HKLM:\Software\Policies\Microsoft\FVE,MinimumPIN,,,,,8,>=,Medium
1720,"Administrative Templates: Windows Components","Cloud Content: Do not show Windows tips",Registry,,HKLM:\Software\Policies\Microsoft\Windows\CloudContent,DisableSoftLanding,,,,0,1,=,Medium
1721,"Administrative Templates: Windows Components","Cloud Content: Turn off Microsoft consumer experiences",Registry,,HKLM:\Software\Policies\Microsoft\Windows\CloudContent,DisableWindowsConsumerFeatures,,,,0,1,=,Medium
1722,"Administrative Templates: Windows Components","Credential User Interface: Do not display the password reveal button",Registry,,HKLM:\Software\Policies\Microsoft\Windows\CredUI,DisablePasswordReveal,,,,0,1,=,Medium
1724,"Administrative Templates: Windows Components","Credential User Interface: Enumerate administrator accounts on elevation",Registry,,HKLM:\SOFTWARE\Microsoft\Windows\CurrentVersion\Policies\CredUI,EnumerateAdministrators,,,,1,0,=,Medium
1725,"Administrative Templates: Windows Components","Data Collection and Preview Builds: Allow Diagnostic Data",Registry,,HKLM:\Software\Policies\Microsoft\Windows\DataCollection,AllowTelemetry,,,,2,1,<=,Medium
1726,"Administrative Templates: Windows Components","Data Collection and Preview Builds: Allow device name to be sent in Windows diagnostic data",Registry,,HKLM:\Software\Policies\Microsoft\Windows\DataCollection,AllowDeviceNameInTelemetry,,,,1,0,=,Medium
1727,"Administrative Templates: Windows Components","Delivery Optimization: Download Mode",Registry,,HKLM:\SOFTWARE\Policies\Microsoft\Windows\DeliveryOptimization,DODownloadMode,,,,1,99,=,Medium
1728,"Administrative Templates: Windows Components","Event Log Service: Application: Specify the maximum log file size (KB)",Registry,,HKLM:\Software\Policies\Microsoft\Windows\EventLog\Application,MaxSize,,,,4096,32768,>=,Medium
1729,"Administrative Templates: Windows Components","Event Log Service: Security: Specify the maximum log file size (KB)",Registry,,HKLM:\Software\Policies\Microsoft\Windows\EventLog\Security,MaxSize,,,,4096,196608,>=,Medium
1730,"Administrative Templates: Windows Components","Event Log Service: System: Specify the maximum log file size (KB)",Registry,,HKLM:\Software\Policies\Microsoft\Windows\EventLog\System,MaxSize,,,,4096,32768,>=,Medium
1731,"Administrative Templates: Windows Components","File Explorer: Allow the use of remote paths in file shortcut icons",Registry,,HKLM:\Software\Policies\Microsoft\Windows\Explorer,EnableShellShortcutIconRemotePath,,,,0,0,=,Medium
1732,"Administrative Templates: Windows Components","HomeGroup: Prevent the computer from joining a homegroup",Registry,,HKLM:\Software\Policies\Microsoft\Windows\HomeGroup,DisableHomeGroup,,,,0,1,=,Medium
1800,"Microsoft Defender Antivirus","Turn off Microsoft Defender Antivirus",Registry,,"HKLM:\Software\Policies\Microsoft\Windows Defender",DisableAntiSpyware,,,,0,0,=,Medium
1801,"Microsoft Defender Antivirus","Configure detection for potentially unwanted applications",Registry,,"HKLM:\Software\Policies\Microsoft\Windows Defender",PUAProtection,,,,0,1,>=,Medium
1806,"Microsoft Defender Antivirus","Exclusions: Extension Exclusions (Policy)",Registry,,"HKLM:\SOFTWARE\Policies\Microsoft\Windows Defender\Exclusions",Exclusions_Extensions,,,,,,=,Medium
1813,"Microsoft Defender Antivirus","Exclusions: Extension Exclusions (Intune)",Registry,,"HKLM:\SOFTWARE\Policies\Microsoft\Windows Defender\Policy Manager",ExcludedExtensions,,,,,,=,Medium
1807,"Microsoft Defender Antivirus","Exclusions: Extension Exclusions",MpPreferenceExclusion,ExclusionExtension,,,,,,,,=,Medium
1808,"Microsoft Defender Antivirus","Exclusions: Path Exclusions (Policy)",Registry,,"HKLM:\SOFTWARE\Policies\Microsoft\Windows Defender\Exclusions",Exclusions_Paths,,,,,,=,Medium
1814,"Microsoft Defender Antivirus","Exclusions: Path Exclusions (Intune)",Registry,,"HKLM:\SOFTWARE\Policies\Microsoft\Windows Defender\Policy Manager",ExcludedPaths,,,,,,=,Medium
1809,"Microsoft Defender Antivirus","Exclusions: Path Exclusions",MpPreferenceExclusion,ExclusionPath,,,,,,,,=,Medium
1810,"Microsoft Defender Antivirus","Exclusions: Process Exclusions (Policy)",Registry,,"HKLM:\SOFTWARE\Policies\Microsoft\Windows Defender\Exclusions",Exclusions_Processes,,,,,,=,Medium
1815,"Microsoft Defender Antivirus","Exclusions: Process Exclusions (Intune)",Registry,,"HKLM:\SOFTWARE\Policies\Microsoft\Windows Defender\Policy Manager",ExcludedProcesses,,,,,,=,Medium
1811,"Microsoft Defender Antivirus","Exclusions: Process Exclusions",MpPreferenceExclusion,ExclusionProcess,,,,,,,,=,Medium
1812,"Microsoft Defender Antivirus","Enable sandboxing for Microsoft Defender Antivirus",Registry,,"HKLM:\SYSTEM\CurrentControlSet\Control\Session Manager\Environment",MP_FORCE_USE_SANDBOX,,,,0,1,=,Medium
1900,"Microsoft Defender Exploit Guard","Attack Surface Reduction rules",Registry,,"HKLM:\Software\Policies\Microsoft\Windows Defender\Windows Defender Exploit Guard\ASR",ExploitGuard_ASR_Rules,,,,0,1,=,Medium
1901,"Microsoft Defender Exploit Guard","ASR: Block executable content from email client and webmail (Policy)",Registry,,"HKLM:\Software\Policies\Microsoft\Windows Defender\Windows Defender Exploit Guard\ASR\rules",be9ba2d9-53ea-4cdc-84e5-9b1eeee46550,,,,0,1,=,Medium
1916,"Microsoft Defender Exploit Guard","ASR: Block executable content from email client and webmail",MpPreferenceAsr,be9ba2d9-53ea-4cdc-84e5-9b1eeee46550,,,,,,0,1,=,Medium
1933,"Microsoft Defender Exploit Guard","ASR: Block executable content from email client and webmail (Intune)",Registry,be9ba2d9-53ea-4cdc-84e5-9b1eeee46550,"HKLM:\Software\Policies\Microsoft\Windows Defender\Policy Manager",ASRRules,,,,0,1,=,Medium
1902,"Microsoft Defender Exploit Guard","ASR: Block all Office applications from creating child processes (Policy)",Registry,,"HKLM:\Software\Policies\Microsoft\Windows Defender\Windows Defender Exploit Guard\ASR\rules",d4f940ab-401b-4efc-aadc-ad5f3c50688a,,,,0,1,=,Medium
1917,"Microsoft Defender Exploit Guard","ASR: Block all Office applications from creating child processes",MpPreferenceAsr,d4f940ab-401b-4efc-aadc-ad5f3c50688a,,,,,,0,1,=,Medium
1934,"Microsoft Defender Exploit Guard","ASR: Block all Office applications from creating child processes (Intune)",Registry,d4f940ab-401b-4efc-aadc-ad5f3c50688a,"HKLM:\Software\Policies\Microsoft\Windows Defender\Policy Manager",ASRRules,,,,0,1,=,Medium
1903,"Microsoft Defender Exploit Guard","ASR: Block Office applications from creating executable content (Policy)",Registry,,"HKLM:\Software\Policies\Microsoft\Windows Defender\Windows Defender Exploit Guard\ASR\rules",3b576869-a4ec-4529-8536-b80a7769e899,,,,0,1,=,Medium
1918,"Microsoft Defender Exploit Guard","ASR: Block Office applications from creating executable content",MpPreferenceAsr,3b576869-a4ec-4529-8536-b80a7769e899,,,,,,0,1,=,Medium
1935,"Microsoft Defender Exploit Guard","ASR: Block Office applications from creating executable content (Intune)",Registry,3b576869-a4ec-4529-8536-b80a7769e899,"HKLM:\Software\Policies\Microsoft\Windows Defender\Policy Manager",ASRRules,,,,0,1,=,Medium
1904,"Microsoft Defender Exploit Guard","ASR: Block Office applications from injecting code into other processes (Policy)",Registry,,"HKLM:\Software\Policies\Microsoft\Windows Defender\Windows Defender Exploit Guard\ASR\rules",75668c1f-73b5-4cf0-bb93-3ecf5cb7cc84,,,,0,1,=,Medium
1919,"Microsoft Defender Exploit Guard","ASR: Block Office applications from injecting code into other processes",MpPreferenceAsr,75668c1f-73b5-4cf0-bb93-3ecf5cb7cc84,,,,,,0,1,=,Medium
1936,"Microsoft Defender Exploit Guard","ASR: Block Office applications from injecting code into other processes (Intune)",Registry,75668c1f-73b5-4cf0-bb93-3ecf5cb7cc84,"HKLM:\Software\Policies\Microsoft\Windows Defender\Policy Manager",ASRRules,,,,0,1,=,Medium
1905,"Microsoft Defender Exploit Guard","ASR: Block JavaScript or VBScript from launching downloaded executable content (Policy)",Registry,,"HKLM:\Software\Policies\Microsoft\Windows Defender\Windows Defender Exploit Guard\ASR\rules",d3e037e1-3eb8-44c8-a917-57927947596d,,,,0,1,=,Medium
1920,"Microsoft Defender Exploit Guard","ASR: Block JavaScript or VBScript from launching downloaded executable content",MpPreferenceAsr,d3e037e1-3eb8-44c8-a917-57927947596d,,,,,,0,1,=,Medium
1937,"Microsoft Defender Exploit Guard","ASR: Block JavaScript or VBScript from launching downloaded executable content (Intune)",Registry,d3e037e1-3eb8-44c8-a917-57927947596d,"HKLM:\Software\Policies\Microsoft\Windows Defender\Policy Manager",ASRRules,,,,0,1,=,Medium
1906,"Microsoft Defender Exploit Guard","ASR: Block execution of potentially obfuscated scripts (Policy)",Registry,,"HKLM:\Software\Policies\Microsoft\Windows Defender\Windows Defender Exploit Guard\ASR\rules",5beb7efe-fd9a-4556-801d-275e5ffc04cc,,,,0,1,=,Medium
1921,"Microsoft Defender Exploit Guard","ASR: Block execution of potentially obfuscated scripts",MpPreferenceAsr,5beb7efe-fd9a-4556-801d-275e5ffc04cc,,,,,,0,1,=,Medium
1938,"Microsoft Defender Exploit Guard","ASR: Block execution of potentially obfuscated scripts (Intune)",Registry,5beb7efe-fd9a-4556-801d-275e5ffc04cc,"HKLM:\Software\Policies\Microsoft\Windows Defender\Policy Manager",ASRRules,,,,0,1,=,Medium
1907,"Microsoft Defender Exploit Guard","ASR: Block Win32 API calls from Office macros (Policy)",Registry,,"HKLM:\Software\Policies\Microsoft\Windows Defender\Windows Defender Exploit Guard\ASR\rules",92e97fa1-2edf-4476-bdd6-9dd0b4dddc7b,,,,0,1,=,Medium
1922,"Microsoft Defender Exploit Guard","ASR: Block Win32 API calls from Office macros",MpPreferenceAsr,92e97fa1-2edf-4476-bdd6-9dd0b4dddc7b,,,,,,0,1,=,Medium
1939,"Microsoft Defender Exploit Guard","ASR: Block Win32 API calls from Office macros (Intune)",Registry,92e97fa1-2edf-4476-bdd6-9dd0b4dddc7b,"HKLM:\Software\Policies\Microsoft\Windows Defender\Policy Manager",ASRRules,,,,0,1,=,Medium
1908,"Microsoft Defender Exploit Guard","ASR: Block executable files from running unless they meet a prevalence, age, or trusted list criterion (Policy)",Registry,,"HKLM:\Software\Policies\Microsoft\Windows Defender\Windows Defender Exploit Guard\ASR\rules",01443614-cd74-433a-b99e-2ecdc07bfc25,,,,0,1,=,Medium
1923,"Microsoft Defender Exploit Guard","ASR: Block executable files from running unless they meet a prevalence, age, or trusted list criterion",MpPreferenceAsr,01443614-cd74-433a-b99e-2ecdc07bfc25,,,,,,0,1,=,Medium
1940,"Microsoft Defender Exploit Guard","ASR: Block executable files from running unless they meet a prevalence, age, or trusted list criterion (Intune)",Registry,01443614-cd74-433a-b99e-2ecdc07bfc25,"HKLM:\Software\Policies\Microsoft\Windows Defender\Policy Manager",ASRRules,,,,0,1,=,Medium
1909,"Microsoft Defender Exploit Guard","ASR: Use advanced protection against ransomware (Policy)",Registry,,"HKLM:\Software\Policies\Microsoft\Windows Defender\Windows Defender Exploit Guard\ASR\rules",c1db55ab-c21a-4637-bb3f-a12568109d35,,,,0,1,=,Medium
1924,"Microsoft Defender Exploit Guard","ASR: Use advanced protection against ransomware",MpPreferenceAsr,c1db55ab-c21a-4637-bb3f-a12568109d35,,,,,,0,1,=,Medium
1941,"Microsoft Defender Exploit Guard","ASR: Use advanced protection against ransomware (Intune)",Registry,c1db55ab-c21a-4637-bb3f-a12568109d35,"HKLM:\Software\Policies\Microsoft\Windows Defender\Policy Manager",ASRRules,,,,0,1,=,Medium
1910,"Microsoft Defender Exploit Guard","ASR: Block credential stealing from the Windows local security authority subsystem (lsass.exe) (Policy)",Registry,,"HKLM:\Software\Policies\Microsoft\Windows Defender\Windows Defender Exploit Guard\ASR\rules",9e6c4e1f-7d60-472f-ba1a-a39ef669e4b2,,,,0,1,=,Medium
1925,"Microsoft Defender Exploit Guard","ASR: Block credential stealing from the Windows local security authority subsystem (lsass.exe)",MpPreferenceAsr,9e6c4e1f-7d60-472f-ba1a-a39ef669e4b2,,,,,,0,1,=,Medium
1942,"Microsoft Defender Exploit Guard","ASR: Block credential stealing from the Windows local security authority subsystem (lsass.exe) (Intune)",Registry,9e6c4e1f-7d60-472f-ba1a-a39ef669e4b2,"HKLM:\Software\Policies\Microsoft\Windows Defender\Policy Manager",ASRRules,,,,0,1,=,Medium
1911,"Microsoft Defender Exploit Guard","ASR: Block process creations originating from PSExec and WMI commands (Policy)",Registry,,"HKLM:\Software\Policies\Microsoft\Windows Defender\Windows Defender Exploit Guard\ASR\rules",d1e49aac-8f56-4280-b9ba-993a6d77406c,,,,0,1,=,Medium
1926,"Microsoft Defender Exploit Guard","ASR: Block process creations originating from PSExec and WMI commands",MpPreferenceAsr,d1e49aac-8f56-4280-b9ba-993a6d77406c,,,,,,0,1,=,Medium
1943,"Microsoft Defender Exploit Guard","ASR: Block process creations originating from PSExec and WMI commands (Intune)",Registry,d1e49aac-8f56-4280-b9ba-993a6d77406c,"HKLM:\Software\Policies\Microsoft\Windows Defender\Policy Manager",ASRRules,,,,0,1,=,Medium
1912,"Microsoft Defender Exploit Guard","ASR: Block untrusted and unsigned processes that run from USB (Policy)",Registry,,"HKLM:\Software\Policies\Microsoft\Windows Defender\Windows Defender Exploit Guard\ASR\rules",b2b3f03d-6a65-4f7b-a9c7-1c7ef74a9ba4,,,,0,1,=,Medium
1927,"Microsoft Defender Exploit Guard","ASR: Block untrusted and unsigned processes that run from USB",MpPreferenceAsr,b2b3f03d-6a65-4f7b-a9c7-1c7ef74a9ba4,,,,,,0,1,=,Medium
1944,"Microsoft Defender Exploit Guard","ASR: Block untrusted and unsigned processes that run from USB (Intune)",Registry,b2b3f03d-6a65-4f7b-a9c7-1c7ef74a9ba4,"HKLM:\Software\Policies\Microsoft\Windows Defender\Policy Manager",ASRRules,,,,0,1,=,Medium
1913,"Microsoft Defender Exploit Guard","ASR: Block Office communication application from creating child processes (Policy)",Registry,,"HKLM:\Software\Policies\Microsoft\Windows Defender\Windows Defender Exploit Guard\ASR\rules",26190899-1602-49e8-8b27-eb1d0a1ce869,,,,0,1,=,Medium
1928,"Microsoft Defender Exploit Guard","ASR: Block Office communication application from creating child processes",MpPreferenceAsr,26190899-1602-49e8-8b27-eb1d0a1ce869,,,,,,0,1,=,Medium
1945,"Microsoft Defender Exploit Guard","ASR: Block Office communication application from creating child processes (Intune)",Registry,26190899-1602-49e8-8b27-eb1d0a1ce869,"HKLM:\Software\Policies\Microsoft\Windows Defender\Policy Manager",ASRRules,,,,0,1,=,Medium
1914,"Microsoft Defender Exploit Guard","ASR: Block Adobe Reader from creating child processes (Policy)",Registry,,"HKLM:\Software\Policies\Microsoft\Windows Defender\Windows Defender Exploit Guard\ASR\rules",7674ba52-37eb-4a4f-a9a1-f0f9a1619a2c,,,,0,1,=,Medium
1929,"Microsoft Defender Exploit Guard","ASR: Block Adobe Reader from creating child processes",MpPreferenceAsr,7674ba52-37eb-4a4f-a9a1-f0f9a1619a2c,,,,,,0,1,=,Medium
1946,"Microsoft Defender Exploit Guard","ASR: Block Adobe Reader from creating child processes (Intune)",Registry,7674ba52-37eb-4a4f-a9a1-f0f9a1619a2c,"HKLM:\Software\Policies\Microsoft\Windows Defender\Policy Manager",ASRRules,,,,0,1,=,Medium
1915,"Microsoft Defender Exploit Guard","ASR: Block persistence through WMI event subscription (Policy)",Registry,,"HKLM:\Software\Policies\Microsoft\Windows Defender\Windows Defender Exploit Guard\ASR\rules",e6db77e5-3df2-4cf1-b95a-636979351e5b,,,,0,1,=,Medium
1930,"Microsoft Defender Exploit Guard","ASR: Block persistence through WMI event subscription",MpPreferenceAsr,e6db77e5-3df2-4cf1-b95a-636979351e5b,,,,,,0,1,=,Medium
1947,"Microsoft Defender Exploit Guard","ASR: Block persistence through WMI event subscription (Intune)",Registry,e6db77e5-3df2-4cf1-b95a-636979351e5b,"HKLM:\Software\Policies\Microsoft\Windows Defender\Policy Manager",ASRRules,,,,0,1,=,Medium
1931,"Microsoft Defender Exploit Guard","ASR: Block abuse of exploited vulnerable signed drivers (Policy)",Registry,,"HKLM:\Software\Policies\Microsoft\Windows Defender\Windows Defender Exploit Guard\ASR\rules",56a863a9-875e-4185-98a7-b882c64b5ce5,,,,0,1,=,Medium
1932,"Microsoft Defender Exploit Guard","ASR: Block abuse of exploited vulnerable signed drivers",MpPreferenceAsr,56a863a9-875e-4185-98a7-b882c64b5ce5,,,,,,0,1,=,Medium
1948,"Microsoft Defender Exploit Guard","ASR: Block abuse of exploited vulnerable signed drivers (Intune)",Registry,56a863a9-875e-4185-98a7-b882c64b5ce5,"HKLM:\Software\Policies\Microsoft\Windows Defender\Policy Manager",ASRRules,,,,0,1,=,Medium
1966,"Microsoft Defender Exploit Guard","ASR: Exclude files and paths from Attack Surface Reduction Rules (Policy)",Registry,,"HKLM:\Software\Policies\Microsoft\Windows Defender\Windows Defender Exploit Guard\ASR",ExploitGuard_ASR_ASROnlyExclusions,,,,,,=,Medium
1967,"Microsoft Defender Exploit Guard","ASR: Exclude files and paths from Attack Surface Reduction Rules",MpPreferenceExclusion,AttackSurfaceReductionOnlyExclusions,,,,,,,,=,Medium
1968,"Microsoft Defender Exploit Guard","ASR: Exclude files and paths from Attack Surface Reduction Rules (Intune)",Registry,,"HKLM:\Software\Policies\Microsoft\Windows Defender\Policy Manager",ASROnlyExclusions,,,,,,=,Medium
1965,"Microsoft Defender Exploit Guard","Network Protection: Prevent users and apps from accessing dangerous websites",Registry,,"HKLM:\SOFTWARE\Policies\Microsoft\Windows Defender\Windows Defender Exploit Guard\Network Protection",EnableNetworkProtection,,,,,1,=,Medium
1980,"Microsoft Defender Application Guard","Support for Microsoft Defender Application Guard",WindowsOptionalFeature,Windows-Defender-ApplicationGuard,,,,,,Disabled,Enabled,=,Medium
1981,"Microsoft Defender Application Guard","Turn on Microsoft Defender Application Guard in Managed Mode",Registry,,HKLM:\SOFTWARE\Policies\Microsoft\AppHVSI,AllowAppHVSI_ProviderSet,,,,,3,=,Medium
1982,"Microsoft Defender Application Guard","Allow auditing events in Microsoft Defender Application Guard",Registry,,HKLM:\SOFTWARE\Policies\Microsoft\AppHVSI,AuditApplicationGuard,,,,,1,=,Medium
1767,"Administrative Templates: Windows Components","News and interests: Enable news and interests on the taskbar",Registry,,"HKLM:\Software\Policies\Microsoft\Windows\Windows Feeds",EnableFeeds,,,,,0,=,Medium
1733,"Administrative Templates: Windows Components","OneDrive: Prevent the usage of OneDrive for file storage",Registry,,HKLM:\Software\Policies\Microsoft\Windows\OneDrive,DisableFileSyncNGSC,,,,0,1,=,Medium
1734,"Administrative Templates: Windows Components","Remote Desktop Connection Client: Do not allow passwords to be saved",Registry,,"HKLM:\SOFTWARE\Policies\Microsoft\Windows NT\Terminal Services",DisablePasswordSaving,,,,0,1,=,Medium
1735,"Administrative Templates: Windows Components","Remote Desktop Session Host: Allow users to connect remotely by using Remote Desktop Services",Registry,,"HKLM:\SOFTWARE\Policies\Microsoft\Windows NT\Terminal Services",fDenyTSConnections,,,,0,1,=,Medium
1736,"Administrative Templates: Windows Components","Remote Desktop Session Host: Device and Resource Redirection: Do not allow drive redirection",Registry,,"HKLM:\SOFTWARE\Policies\Microsoft\Windows NT\Terminal Services",fDisableCdm,,,,0,1,=,Medium
1737,"Administrative Templates: Windows Components","Remote Desktop Session Host: Security: Always prompt for password upon connection",Registry,,"HKLM:\SOFTWARE\Policies\Microsoft\Windows NT\Terminal Services",fPromptForPassword,,,,0,1,=,Medium
1738,"Administrative Templates: Windows Components","Remote Desktop Session Host: Security: Require secure RPC communication",Registry,,"HKLM:\SOFTWARE\Policies\Microsoft\Windows NT\Terminal Services",fEncryptRPCTraffic,,,,0,1,=,Medium
1739,"Administrative Templates: Windows Components","Remote Desktop Session Host: Security: Set client connection encryption level",Registry,,"HKLM:\SOFTWARE\Policies\Microsoft\Windows NT\Terminal Services",MinEncryptionLevel,,,,0,3,=,Medium
1740,"Administrative Templates: Windows Components","Search: Allow Cloud Search",Registry,,"HKLM:\SOFTWARE\Policies\Microsoft\Windows\Windows Search",AllowCloudSearch,,,,1,0,=,Medium
1741,"Administrative Templates: Windows Components","Search: Allow Cortana",Registry,,"HKLM:\SOFTWARE\Policies\Microsoft\Windows\Windows Search",AllowCortana,,,,1,0,=,Medium
1742,"Administrative Templates: Windows Components","Search: Allow Cortana above lock screen",Registry,,"HKLM:\SOFTWARE\Policies\Microsoft\Windows\Windows Search",AllowCortanaAboveLock,,,,1,0,=,Medium
1743,"Administrative Templates: Windows Components","Search: Allow indexing of encrypted files",Registry,,"HKLM:\SOFTWARE\Policies\Microsoft\Windows\Windows Search",AllowIndexingEncryptedStoresOrItems,,,,1,0,=,Medium
1744,"Administrative Templates: Windows Components","Search: Allow search and Cortana to use location",Registry,,"HKLM:\SOFTWARE\Policies\Microsoft\Windows\Windows Search",AllowSearchToUseLocation,,,,1,0,=,Medium
1745,"Administrative Templates: Windows Components","Search: Set what information is shared in Search",Registry,,"HKLM:\SOFTWARE\Policies\Microsoft\Windows\Windows Search",ConnectedSearchPrivacy,,,,1,3,=,Medium
1746,"Administrative Templates: Windows Components","Windows Error Reporting: Disable Windows Error Reporting",Registry,,"HKLM:\SOFTWARE\Policies\Microsoft\Windows\Windows Error Reporting",Disabled,,,,0,1,=,Medium
1747,"Administrative Templates: Windows Components","Windows Game Recording and Broadcasting: Enables or disables Windows Game Recording and Broadcasting",Registry,,HKLM:\Software\Policies\Microsoft\Windows\GameDVR,AllowGameDVR,,,,1,0,=,Low
1748,"Administrative Templates: Windows Components","Windows Ink Workspace: Allow Windows Ink Workspace",Registry,,HKLM:\Software\Policies\Microsoft\WindowsInkWorkspace,AllowWindowsInkWorkspace,,,,1,0,=,Medium
1749,"Administrative Templates: Windows Components","Windows Installer: Always install with elevated privileges",Registry,,HKLM:\Software\Policies\Microsoft\Windows\Installer,AlwaysInstallElevated,,,,1,0,=,Medium
1750,"Administrative Templates: Windows Components","Windows Installer: Allow user control over installs",Registry,,HKLM:\Software\Policies\Microsoft\Windows\Installer,EnableUserControl,,,,1,0,=,Medium
1751,"Administrative Templates: Windows Components","Windows Installer: Prevent Internet Explorer security prompt for Windows Installer scripts",Registry,,HKLM:\Software\Policies\Microsoft\Windows\Installer,SafeForScripting,,,,1,0,=,Medium
1752,"Administrative Templates: Windows Components","Windows Logon Options: Sign-in and lock last interactive user automatically after a restart",Registry,,HKLM:\SOFTWARE\Microsoft\Windows\CurrentVersion\Policies\System,DisableAutomaticRestartSignOn,,,,0,1,=,Medium
1770,"Administrative Templates: Windows Components","Windows Installer: Disable Co-Installer (USB AutoInstall)",Registry,,"HKLM:\SOFTWARE\Microsoft\Windows\CurrentVersion\Device Installer",DisableCoInstallers,,,,,1,=,Medium
1753,"Administrative Templates: Windows Components","WinRM Client: Allow Basic authentication",Registry,,HKLM:\Software\Policies\Microsoft\Windows\WinRM\Client,AllowBasic,,,,1,0,=,Medium
1754,"Administrative Templates: Windows Components","WinRM Client: Allow unencrypted traffic",Registry,,HKLM:\Software\Policies\Microsoft\Windows\WinRM\Client,AllowUnencryptedTraffic,,,,1,0,=,Medium
1755,"Administrative Templates: Windows Components","WinRM Client: Disallow Digest authentication",Registry,,HKLM:\Software\Policies\Microsoft\Windows\WinRM\Client,AllowDigest,,,,1,0,=,Medium
1756,"Administrative Templates: Windows Components","WinRM Service: Allow remote server management through WinRM",Registry,,HKLM:\Software\Policies\Microsoft\Windows\WinRM\Service,AllowAutoConfig,,,,1,0,=,Medium
1757,"Administrative Templates: Windows Components","WinRM Service: Allow Basic authentication",Registry,,HKLM:\Software\Policies\Microsoft\Windows\WinRM\Service,AllowBasic,,,,1,0,=,Medium
1758,"Administrative Templates: Windows Components","WinRM Service: Allow unencrypted traffic",Registry,,HKLM:\Software\Policies\Microsoft\Windows\WinRM\Service,AllowUnencryptedTraffic,,,,1,0,=,Medium
1759,"Administrative Templates: Windows Components","WinRM Service: Disallow WinRM from storing RunAs credentials",Registry,,HKLM:\Software\Policies\Microsoft\Windows\WinRM\Service,DisableRunAs,,,,0,1,=,Medium
1760,"Administrative Templates: Windows Components","Windows Remote Shell: Allow Remote Shell Access",Registry,,HKLM:\Software\Policies\Microsoft\Windows\WinRM\Service\WinRS,AllowRemoteShellAccess,,,,1,0,=,Medium
2000,"Administrative Templates: Windows Components","File Explorer: Configure Windows Defender SmartScreen",Registry,,HKLM:\SOFTWARE\Policies\Microsoft\Windows\System,EnableSmartScreen,,,,1,1,=,Medium
2001,"Administrative Templates: Windows Components","File Explorer: Configure Windows Defender SmartScreen to warn and prevent bypass",Registry,,HKLM:\SOFTWARE\Policies\Microsoft\Windows\System,ShellSmartScreenLevel,,,,Warn,Block,=,Medium
2100,PowerShell,"Turn on PowerShell Script Block Logging",Registry,,HKLM:\Software\Policies\Microsoft\Windows\PowerShell\ScriptBlockLogging,EnableScriptBlockLogging,,,,0,1,=,Medium
2101,PowerShell,"Turn on PowerShell Script Block Logging (Invocation)",Registry,,HKLM:\Software\Policies\Microsoft\Windows\PowerShell\ScriptBlockLogging,EnableScriptBlockInvocationLogging,,,,0,1,=,Low
2102,PowerShell,"Turn on PowerShell Transcription",Registry,,HKLM:\Software\Policies\Microsoft\Windows\PowerShell\Transcription,EnableTranscripting,,,,0,1,=,Low
2103,PowerShell,"Disable PowerShell version 2",WindowsOptionalFeature,MicrosoftWindowsPowerShellV2,,,,,,Enabled,Disabled,=,Medium
2104,PowerShell,"Disable PowerShell version 2 (root)",WindowsOptionalFeature,MicrosoftWindowsPowerShellV2Root,,,,,,Enabled,Disabled,=,Medium
2200,"MS Security Guide","LSA Protection",Registry,,HKLM:\SYSTEM\CurrentControlSet\Control\Lsa,RunAsPPL,,,,,1,=,Medium
2201,"MS Security Guide","Lsass.exe audit mode",Registry,,"HKLM:\SOFTWARE\Microsoft\Windows NT\CurrentVersion\Image File Execution Options\LSASS.exe",AuditLevel,,,,,8,=,Low
2202,"MS Security Guide","NetBT NodeType configuration",Registry,,HKLM:\SYSTEM\CurrentControlSet\Services\NetBT\Parameters,NodeType,,,,0,2,=,Medium
2203,"MS Security Guide","WDigest Authentication",Registry,,HKLM:\SYSTEM\CurrentControlSet\Control\SecurityProviders\WDigest,UseLogonCredential,,,,0,0,=,High
2204,"MSS (Legacy)","MSS: (SafeDllSearchMode) Enable Safe DLL search mode (recommended)",Registry,,"HKLM:\SYSTEM\CurrentControlSet\Control\Session Manager",SafeDLLSearchMode,,,,0,1,=,Medium
2205,"MSS (Legacy)","MSS: (DisableIPSourceRouting IPv6) IP source routing protection level (protects against packet spoofing)",Registry,,HKLM:\System\CurrentControlSet\Services\Tcpip6\Parameters,DisableIPSourceRouting,,,,0,2,=,Medium
2206,"MSS (Legacy)","MSS: (DisableIPSourceRouting) IP source routing protection level (protects against packet spoofing)",Registry,,HKLM:\System\CurrentControlSet\Services\Tcpip\Parameters,DisableIPSourceRouting,,,,1,2,=,Medium
2207,"MSS (Legacy)","MSS: (EnableICMPRedirect) Allow ICMP redirects to override OSPF generated routes",Registry,,HKLM:\System\CurrentControlSet\Services\Tcpip\Parameters,EnableICMPRedirect,,,,1,0,=,Medium
2208,"MSS (Legacy)","MSS: (NoNameReleaseOnDemand) Allow the computer to ignore NetBIOS name release requests except from WINS servers",Registry,,HKLM:\System\CurrentControlSet\Services\Netbt\Parameters,NoNameReleaseOnDemand,,,,0,1,=,Medium
1802,"Microsoft Defender Antivirus","Cloud-delivered protection",MpPreference,MAPSReporting,,,,,,2,2,=,Medium
1803,"Microsoft Defender Antivirus","Automatic sample submission",MpPreference,SubmitSamplesConsent,,,,,,1,2,=,Medium
1804,"Microsoft Defender Antivirus","Controlled folder access",MpPreference,EnableControlledFolderAccess,,,,,,0,1,=,Medium
1805,"Microsoft Defender Antivirus","Real time monitoring",MpPreference,DisableRealtimeMonitoring,,,,,,False,False,=,High
1950,"Microsoft Defender Exploit Guard","Exploit protection: Control flow guard (CFG)",Processmitigation,Cfg.Enable,,,,,,On,ON,=,Medium
1951,"Microsoft Defender Exploit Guard","Exploit protection: Data Execution Prevention (DEP)",Processmitigation,DEP.Enable,,,,,,On,ON,=,Medium
1952,"Microsoft Defender Exploit Guard","Exploit protection: Override Data Execution Prevention (DEP)",Processmitigation,DEP.OverrideDEP,,,,,,False,False,=,Medium
1954,"Microsoft Defender Exploit Guard","Exploit protection: Force randomization for images (Mandatory ASLR)",Processmitigation,ASLR.ForceRelocateImages,,,,,,Off,ON,=,Medium
1955,"Microsoft Defender Exploit Guard","Exploit protection: Override force randomization for images (Mandatory ASLR)",Processmitigation,ASLR.OverrideForceRelocateImages,,,,,,False,False,=,Medium
1956,"Microsoft Defender Exploit Guard","Exploit protection: Randomize memory allocations (Bottom-up ASLR)",Processmitigation,ASLR.BottomUp,,,,,,On,ON,=,Medium
1957,"Microsoft Defender Exploit Guard","Exploit protection: Override randomize memory allocations (Bottom-up ASLR)",Processmitigation,ASLR.OverrideBottomUp,,,,,,False,False,=,Medium
1958,"Microsoft Defender Exploit Guard","Exploit protection: High-entropy ASLR",Processmitigation,ASLR.HighEntropy,,,,,,On,ON,=,Medium
1959,"Microsoft Defender Exploit Guard","Exploit protection: Override high-entropy ASLR",Processmitigation,ASLR.OverrideHighEntropy,,,,,,False,False,=,Medium
1960,"Microsoft Defender Exploit Guard","Exploit protection: Validate exception chains (SEHOP)",Processmitigation,SEHOP.Enable,,,,,,On,ON,=,Medium
1961,"Microsoft Defender Exploit Guard","Exploit protection: Validate exception chains (SEHOP (Telemetry only)",Processmitigation,SEHOP.TelemetryOnly,,,,,,NOTSET,OFF,=,Medium
1962,"Microsoft Defender Exploit Guard","Exploit protection: Override validate exception chains (SEHOP)",Processmitigation,SEHOP.OverrideSEHOP,,,,,,False,False,=,Medium
1963,"Microsoft Defender Exploit Guard","Exploit protection: Validate heap integrity",Processmitigation,HEAP.TerminateOnError,,,,,,On,ON,=,Medium
1964,"Microsoft Defender Exploit Guard","Exploit protection: Override validate heap integrity",Processmitigation,HEAP.OverrideHEAP,,,,,,False,False,=,Medium
1953,"Microsoft Defender Exploit Guard","Force use of Data Execution Prevention (DEP)",bcdedit,nx,,,,,,OptIn,AlwaysOn,=,Medium
2300,"Windows Firewall",HardeningKitty-Block-TCP-NetBIOS,FirewallRule,"Any|Inbound|Block|TCP|137,138,139||",,,,,,False,True,=,Low
2301,"Windows Firewall",HardeningKitty-Block-TCP-RDP,FirewallRule,Any|Inbound|Block|TCP|3389||,,,,,,False,True,=,Low
2302,"Windows Firewall",HardeningKitty-Block-TCP-RPC,FirewallRule,"Any|Inbound|Block|TCP|135,593||",,,,,,False,True,=,Low
2303,"Windows Firewall",HardeningKitty-Block-TCP-SMB,FirewallRule,Any|Inbound|Block|TCP|445||,,,,,,False,True,=,Low
2304,"Windows Firewall",HardeningKitty-Block-TCP-WinRM,FirewallRule,"Any|Inbound|Block|TCP|5985,5986||",,,,,,False,True,=,Low
2305,"Windows Firewall",HardeningKitty-Block-UDP-NetBIOS,FirewallRule,"Any|Inbound|Block|UDP|137,138,139||",,,,,,False,True,=,Low
2306,"Windows Firewall",HardeningKitty-Block-UDP-RPC,FirewallRule,"Any|Inbound|Block|UDP|135,593||",,,,,,False,True,=,Low
2307,"Windows Firewall",HardeningKitty-Block-calc-x64,FirewallRule,Any|Outbound|Block|||%SystemRoot%\System32\calc.exe|,,,,,,False,True,=,Low
2308,"Windows Firewall",HardeningKitty-Block-calc-x86,FirewallRule,Any|Outbound|Block|||%SystemRoot%\Syswow64\calc.exe|,,,,,,False,True,=,Low
2309,"Windows Firewall",HardeningKitty-Block-certutil-x64,FirewallRule,Any|Outbound|Block|||%SystemRoot%\System32\certutil.exe|,,,,,,False,True,=,Low
2310,"Windows Firewall",HardeningKitty-Block-certutil-x86,FirewallRule,Any|Outbound|Block|||%SystemRoot%\Syswow64\certutil.exe|,,,,,,False,True,=,Low
2311,"Windows Firewall",HardeningKitty-Block-conhost-x64,FirewallRule,Any|Outbound|Block|||%SystemRoot%\System32\conhost.exe|,,,,,,False,True,=,Low
2312,"Windows Firewall",HardeningKitty-Block-conhost-x86,FirewallRule,Any|Outbound|Block|||%SystemRoot%\Syswow64\conhost.exe|,,,,,,False,True,=,Low
2313,"Windows Firewall",HardeningKitty-Block-cscript-x64,FirewallRule,Any|Outbound|Block|||%SystemRoot%\System32\cscript.exe|,,,,,,False,True,=,Low
2314,"Windows Firewall",HardeningKitty-Block-cscript-x86,FirewallRule,Any|Outbound|Block|||%SystemRoot%\Syswow64\cscript.exe|,,,,,,False,True,=,Low
2315,"Windows Firewall",HardeningKitty-Block-mshta-x64,FirewallRule,Any|Outbound|Block|||%SystemRoot%\System32\mshta.exe|,,,,,,False,True,=,Low
2316,"Windows Firewall",HardeningKitty-Block-mshta-x86,FirewallRule,Any|Outbound|Block|||%SystemRoot%\Syswow64\mshta.exe|,,,,,,False,True,=,Low
2317,"Windows Firewall",HardeningKitty-Block-notepad-x64,FirewallRule,Any|Outbound|Block|||%SystemRoot%\System32\notepad.exe|,,,,,,False,True,=,Low
2318,"Windows Firewall",HardeningKitty-Block-notepad-x86,FirewallRule,Any|Outbound|Block|||%SystemRoot%\Syswow64\notepad.exe|,,,,,,False,True,=,Low
2319,"Windows Firewall",HardeningKitty-Block-RunScriptHelper-x64,FirewallRule,Any|Outbound|Block|||%SystemRoot%\System32\RunScriptHelper.exe|,,,,,,False,True,=,Low
2320,"Windows Firewall",HardeningKitty-Block-RunScriptHelper-x86,FirewallRule,Any|Outbound|Block|||%SystemRoot%\Syswow64\RunScriptHelper.exe|,,,,,,False,True,=,Low
2321,"Windows Firewall",HardeningKitty-Block-wscript-x64,FirewallRule,Any|Outbound|Block|||%SystemRoot%\System32\wscript.exe|,,,,,,False,True,=,Low
2322,"Windows Firewall",HardeningKitty-Block-wscript-x86,FirewallRule,Any|Outbound|Block|||%SystemRoot%\Syswow64\wscript.exe|,,,,,,False,True,=,Low
